mean_fit_time,std_fit_time,mean_score_time,std_score_time,param_cat__depth,param_cat__iterations,param_lgbm__max_depth,param_lgbm__n_estimators,param_xgb__learning_rate,param_xgb__max_depth,param_xgb__n_estimators,params,split0_test_score,split1_test_score,split2_test_score,mean_test_score,std_test_score,rank_test_score
4.913688898086548,0.1321972217382846,0.02253270149230957,0.010937052516750343,4,100,3,100,0.01,3,100,"{'cat__depth': 4, 'cat__iterations': 100, 'lgbm__max_depth': 3, 'lgbm__n_estimators': 100, 'xgb__learning_rate': 0.01, 'xgb__max_depth': 3, 'xgb__n_estimators': 100}",0.8013833992094862,0.8073122529644269,0.8058300395256917,0.8048418972332015,0.00251927841580669,76
5.170322815577189,0.033625373304238156,0.025467554728190105,0.005800764047836807,4,100,3,100,0.01,3,200,"{'cat__depth': 4, 'cat__iterations': 100, 'lgbm__max_depth': 3, 'lgbm__n_estimators': 100, 'xgb__learning_rate': 0.01, 'xgb__max_depth': 3, 'xgb__n_estimators': 200}",0.8003952569169961,0.8068181818181818,0.8048418972332015,0.8040184453227931,0.002686018845569803,111
5.148879210154216,0.07736382375672611,0.02286370595296224,0.008318611787647232,4,100,3,100,0.01,5,100,"{'cat__depth': 4, 'cat__iterations': 100, 'lgbm__max_depth': 3, 'lgbm__n_estimators': 100, 'xgb__learning_rate': 0.01, 'xgb__max_depth': 5, 'xgb__n_estimators': 100}",0.7954545454545454,0.8058300395256917,0.7974308300395256,0.7995718050065875,0.004498188499258123,189
4.824864625930786,0.6407014351777367,0.015897115071614582,0.003980417503993467,4,100,3,100,0.01,5,200,"{'cat__depth': 4, 'cat__iterations': 100, 'lgbm__max_depth': 3, 'lgbm__n_estimators': 100, 'xgb__learning_rate': 0.01, 'xgb__max_depth': 5, 'xgb__n_estimators': 200}",0.7979249011857708,0.8033596837944664,0.7959486166007905,0.7990777338603426,0.0031334482197695143,191
4.686075766881307,0.07288956051613012,0.0268099308013916,0.017918969099867964,4,100,3,100,0.01,7,100,"{'cat__depth': 4, 'cat__iterations': 100, 'lgbm__max_depth': 3, 'lgbm__n_estimators': 100, 'xgb__learning_rate': 0.01, 'xgb__max_depth': 7, 'xgb__n_estimators': 100}",0.7959486166007905,0.8013833992094862,0.799407114624506,0.7989130434782609,0.0022460773545760746,192
6.128762404123942,0.019570223695951534,0.01961692174275716,0.004276943269578117,4,100,3,100,0.01,7,200,"{'cat__depth': 4, 'cat__iterations': 100, 'lgbm__max_depth': 3, 'lgbm__n_estimators': 100, 'xgb__learning_rate': 0.01, 'xgb__max_depth': 7, 'xgb__n_estimators': 200}",0.8013833992094862,0.8033596837944664,0.7979249011857708,0.8008893280632412,0.0022460773545760746,184
3.425623973210653,0.08790317524947765,0.0189974308013916,0.010747612821383493,4,100,3,100,0.1,3,100,"{'cat__depth': 4, 'cat__iterations': 100, 'lgbm__max_depth': 3, 'lgbm__n_estimators': 100, 'xgb__learning_rate': 0.1, 'xgb__max_depth': 3, 'xgb__n_estimators': 100}",0.8003952569169961,0.8058300395256917,0.7979249011857708,0.8013833992094862,0.0033020318932416456,179
4.120298306147258,0.24801658592093515,0.0888520876566569,0.03758335441343276,4,100,3,100,0.1,3,200,"{'cat__depth': 4, 'cat__iterations': 100, 'lgbm__max_depth': 3, 'lgbm__n_estimators': 100, 'xgb__learning_rate': 0.1, 'xgb__max_depth': 3, 'xgb__n_estimators': 200}",0.799901185770751,0.8023715415019763,0.8033596837944664,0.8018774703557313,0.0014545060715296359,169
4.117194255193074,0.10709879441767489,0.014139175415039062,0.005608940948643619,4,100,3,100,0.1,5,100,"{'cat__depth': 4, 'cat__iterations': 100, 'lgbm__max_depth': 3, 'lgbm__n_estimators': 100, 'xgb__learning_rate': 0.1, 'xgb__max_depth': 5, 'xgb__n_estimators': 100}",0.8043478260869565,0.8053359683794467,0.8033596837944664,0.8043478260869565,0.0008068148032882622,96
4.445914268493652,0.06857713439803763,0.04316234588623047,0.013725708328928604,4,100,3,100,0.1,5,200,"{'cat__depth': 4, 'cat__iterations': 100, 'lgbm__max_depth': 3, 'lgbm__n_estimators': 100, 'xgb__learning_rate': 0.1, 'xgb__max_depth': 5, 'xgb__n_estimators': 200}",0.799901185770751,0.8087944664031621,0.7989130434782609,0.802536231884058,0.004443589447704915,154
4.44936736424764,0.2313284857823393,0.013344367345174154,0.003498327785596443,4,100,3,100,0.1,7,100,"{'cat__depth': 4, 'cat__iterations': 100, 'lgbm__max_depth': 3, 'lgbm__n_estimators': 100, 'xgb__learning_rate': 0.1, 'xgb__max_depth': 7, 'xgb__n_estimators': 100}",0.8043478260869565,0.8063241106719368,0.8058300395256917,0.8055006587615283,0.0008397594719355585,44
6.648861328760783,0.8936163614241087,0.02486117680867513,0.018222213140778782,4,100,3,100,0.1,7,200,"{'cat__depth': 4, 'cat__iterations': 100, 'lgbm__max_depth': 3, 'lgbm__n_estimators': 100, 'xgb__learning_rate': 0.1, 'xgb__max_depth': 7, 'xgb__n_estimators': 200}",0.8063241106719368,0.8063241106719368,0.8038537549407114,0.8055006587615283,0.001164536859661659,44
7.346904993057251,0.4306607679779197,0.024293979008992512,0.01583624613610381,4,100,3,200,0.01,3,100,"{'cat__depth': 4, 'cat__iterations': 100, 'lgbm__max_depth': 3, 'lgbm__n_estimators': 200, 'xgb__learning_rate': 0.01, 'xgb__max_depth': 3, 'xgb__n_estimators': 100}",0.8003952569169961,0.8063241106719368,0.8013833992094862,0.8027009222661396,0.00259354673057041,148
8.315689086914062,0.15193575144986862,0.016239325205485027,0.0022992991215365012,4,100,3,200,0.01,3,200,"{'cat__depth': 4, 'cat__iterations': 100, 'lgbm__max_depth': 3, 'lgbm__n_estimators': 200, 'xgb__learning_rate': 0.01, 'xgb__max_depth': 3, 'xgb__n_estimators': 200}",0.799901185770751,0.8043478260869565,0.8013833992094862,0.8018774703557313,0.0018486449539397035,169
7.910502672195435,0.14618205925090028,0.030652523040771484,0.01124806833627419,4,100,3,200,0.01,5,100,"{'cat__depth': 4, 'cat__iterations': 100, 'lgbm__max_depth': 3, 'lgbm__n_estimators': 200, 'xgb__learning_rate': 0.01, 'xgb__max_depth': 5, 'xgb__n_estimators': 100}",0.8008893280632411,0.8073122529644269,0.7969367588932806,0.8017127799736495,0.004275610996622914,174
7.641159693400065,0.36509497283466213,0.04053934415181478,0.020964510976892368,4,100,3,200,0.01,5,200,"{'cat__depth': 4, 'cat__iterations': 100, 'lgbm__max_depth': 3, 'lgbm__n_estimators': 200, 'xgb__learning_rate': 0.01, 'xgb__max_depth': 5, 'xgb__n_estimators': 200}",0.7984189723320159,0.8058300395256917,0.7954545454545454,0.799901185770751,0.004363518214588844,188
8.48482632637024,0.18441819200572362,0.023013909657796223,0.0052067415822994855,4,100,3,200,0.01,7,100,"{'cat__depth': 4, 'cat__iterations': 100, 'lgbm__max_depth': 3, 'lgbm__n_estimators': 200, 'xgb__learning_rate': 0.01, 'xgb__max_depth': 7, 'xgb__n_estimators': 100}",0.7969367588932806,0.8043478260869565,0.7974308300395256,0.7995718050065875,0.003383174997393651,189
10.806447267532349,0.32584630360603084,0.02420210838317871,0.00538578145590757,4,100,3,200,0.01,7,200,"{'cat__depth': 4, 'cat__iterations': 100, 'lgbm__max_depth': 3, 'lgbm__n_estimators': 200, 'xgb__learning_rate': 0.01, 'xgb__max_depth': 7, 'xgb__n_estimators': 200}",0.799407114624506,0.8043478260869565,0.8003952569169961,0.8013833992094862,0.0021346313235862395,179
6.972168604532878,0.3603110884602745,0.010020971298217773,0.0017938975867601518,4,100,3,200,0.1,3,100,"{'cat__depth': 4, 'cat__iterations': 100, 'lgbm__max_depth': 3, 'lgbm__n_estimators': 200, 'xgb__learning_rate': 0.1, 'xgb__max_depth': 3, 'xgb__n_estimators': 100}",0.8008893280632411,0.8028656126482213,0.7989130434782609,0.8008893280632411,0.0016136296065765244,185
7.478803316752116,0.23872411839073035,0.016679684321085613,0.0029586947170155784,4,100,3,200,0.1,3,200,"{'cat__depth': 4, 'cat__iterations': 100, 'lgbm__max_depth': 3, 'lgbm__n_estimators': 200, 'xgb__learning_rate': 0.1, 'xgb__max_depth': 3, 'xgb__n_estimators': 200}",0.799901185770751,0.8033596837944664,0.8008893280632411,0.8013833992094862,0.0014545060715296359,179
6.964380264282227,0.18463512773129756,0.015556573867797852,0.003194116907699158,4,100,3,200,0.1,5,100,"{'cat__depth': 4, 'cat__iterations': 100, 'lgbm__max_depth': 3, 'lgbm__n_estimators': 200, 'xgb__learning_rate': 0.1, 'xgb__max_depth': 5, 'xgb__n_estimators': 100}",0.799901185770751,0.8068181818181818,0.8048418972332015,0.8038537549407114,0.0029090121430592215,115
7.4599301020304365,0.19368919127430137,0.043221632639567055,0.012333294076282596,4,100,3,200,0.1,5,200,"{'cat__depth': 4, 'cat__iterations': 100, 'lgbm__max_depth': 3, 'lgbm__n_estimators': 200, 'xgb__learning_rate': 0.1, 'xgb__max_depth': 5, 'xgb__n_estimators': 200}",0.7984189723320159,0.8068181818181818,0.7979249011857708,0.8010540184453229,0.0040808668291711985,183
7.750255028406779,0.2846495189293633,0.02677575747172038,0.002397564989356844,4,100,3,200,0.1,7,100,"{'cat__depth': 4, 'cat__iterations': 100, 'lgbm__max_depth': 3, 'lgbm__n_estimators': 200, 'xgb__learning_rate': 0.1, 'xgb__max_depth': 7, 'xgb__n_estimators': 100}",0.799901185770751,0.808300395256917,0.8023715415019763,0.8035243741765482,0.003524528089432261,121
9.679177443186441,0.6172617524002896,0.05181352297465006,0.04081944823964251,4,100,3,200,0.1,7,200,"{'cat__depth': 4, 'cat__iterations': 100, 'lgbm__max_depth': 3, 'lgbm__n_estimators': 200, 'xgb__learning_rate': 0.1, 'xgb__max_depth': 7, 'xgb__n_estimators': 200}",0.799407114624506,0.8102766798418972,0.8033596837944664,0.8043478260869565,0.004492154709152101,96
9.484255393346151,0.16524593487812814,0.03491457303365072,0.023118123871765508,4,100,5,100,0.01,3,100,"{'cat__depth': 4, 'cat__iterations': 100, 'lgbm__max_depth': 5, 'lgbm__n_estimators': 100, 'xgb__learning_rate': 0.01, 'xgb__max_depth': 3, 'xgb__n_estimators': 100}",0.7989130434782609,0.8073122529644269,0.8018774703557312,0.8027009222661396,0.003478048761848304,148
10.106581370035807,0.553871332527418,0.03198099136352539,0.022162486078804902,4,100,5,100,0.01,3,200,"{'cat__depth': 4, 'cat__iterations': 100, 'lgbm__max_depth': 5, 'lgbm__n_estimators': 100, 'xgb__learning_rate': 0.01, 'xgb__max_depth': 3, 'xgb__n_estimators': 200}",0.7984189723320159,0.8068181818181818,0.799407114624506,0.8015480895915679,0.0037482894192163697,177
9.116380453109741,0.5010181144517917,0.011597871780395508,0.0006148249204567815,4,100,5,100,0.01,5,100,"{'cat__depth': 4, 'cat__iterations': 100, 'lgbm__max_depth': 5, 'lgbm__n_estimators': 100, 'xgb__learning_rate': 0.01, 'xgb__max_depth': 5, 'xgb__n_estimators': 100}",0.8038537549407114,0.8107707509881423,0.8038537549407114,0.8061594202898551,0.003260703207052624,27
9.630674362182617,0.13298100594130247,0.018430391947428387,0.007745443473161927,4,100,5,100,0.01,5,200,"{'cat__depth': 4, 'cat__iterations': 100, 'lgbm__max_depth': 5, 'lgbm__n_estimators': 100, 'xgb__learning_rate': 0.01, 'xgb__max_depth': 5, 'xgb__n_estimators': 200}",0.8058300395256917,0.8102766798418972,0.8018774703557312,0.8059947299077734,0.003430939831356996,31
9.954948981602987,0.13174215214441004,0.04440601666768392,0.031969841968543876,4,100,5,100,0.01,7,100,"{'cat__depth': 4, 'cat__iterations': 100, 'lgbm__max_depth': 5, 'lgbm__n_estimators': 100, 'xgb__learning_rate': 0.01, 'xgb__max_depth': 7, 'xgb__n_estimators': 100}",0.8033596837944664,0.808300395256917,0.8038537549407114,0.8051712779973649,0.0022217947238524424,56
14.543529748916626,0.40487326096951204,0.042262872060139976,0.011989335207327673,4,100,5,100,0.01,7,200,"{'cat__depth': 4, 'cat__iterations': 100, 'lgbm__max_depth': 5, 'lgbm__n_estimators': 100, 'xgb__learning_rate': 0.01, 'xgb__max_depth': 7, 'xgb__n_estimators': 200}",0.8058300395256917,0.808300395256917,0.8038537549407114,0.8059947299077734,0.0018190647261507476,31
9.52502735455831,0.572622089918015,0.06222836176554362,0.0716455310398828,4,100,5,100,0.1,3,100,"{'cat__depth': 4, 'cat__iterations': 100, 'lgbm__max_depth': 5, 'lgbm__n_estimators': 100, 'xgb__learning_rate': 0.1, 'xgb__max_depth': 3, 'xgb__n_estimators': 100}",0.8028656126482213,0.8073122529644269,0.8018774703557312,0.8040184453227931,0.002363751662451811,111
9.832605441411337,0.07187789944075766,0.014627218246459961,0.0017635769382201628,4,100,5,100,0.1,3,200,"{'cat__depth': 4, 'cat__iterations': 100, 'lgbm__max_depth': 5, 'lgbm__n_estimators': 100, 'xgb__learning_rate': 0.1, 'xgb__max_depth': 3, 'xgb__n_estimators': 200}",0.8018774703557312,0.8092885375494071,0.8003952569169961,0.8038537549407114,0.0038903200958556247,115
9.167215665181478,0.46625085468660404,0.025115251541137695,0.00693575633607741,4,100,5,100,0.1,5,100,"{'cat__depth': 4, 'cat__iterations': 100, 'lgbm__max_depth': 5, 'lgbm__n_estimators': 100, 'xgb__learning_rate': 0.1, 'xgb__max_depth': 5, 'xgb__n_estimators': 100}",0.8033596837944664,0.808300395256917,0.8018774703557312,0.8045125164690381,0.0027459374177426017,94
9.81078298886617,0.25531823839782364,0.01746996243794759,0.0008632174469008862,4,100,5,100,0.1,5,200,"{'cat__depth': 4, 'cat__iterations': 100, 'lgbm__max_depth': 5, 'lgbm__n_estimators': 100, 'xgb__learning_rate': 0.1, 'xgb__max_depth': 5, 'xgb__n_estimators': 200}",0.8018774703557312,0.807806324110672,0.8038537549407114,0.8045125164690382,0.0024648599385862944,88
10.168530623118082,0.5126092104155884,0.10094857215881348,0.12203819243955391,4,100,5,100,0.1,7,100,"{'cat__depth': 4, 'cat__iterations': 100, 'lgbm__max_depth': 5, 'lgbm__n_estimators': 100, 'xgb__learning_rate': 0.1, 'xgb__max_depth': 7, 'xgb__n_estimators': 100}",0.8023715415019763,0.8092885375494071,0.8048418972332015,0.8055006587615283,0.002862013701742868,44
12.793265501658121,0.4691506234165279,0.10933987299601237,0.04106406441594129,4,100,5,100,0.1,7,200,"{'cat__depth': 4, 'cat__iterations': 100, 'lgbm__max_depth': 5, 'lgbm__n_estimators': 100, 'xgb__learning_rate': 0.1, 'xgb__max_depth': 7, 'xgb__n_estimators': 200}",0.8033596837944664,0.808300395256917,0.8068181818181818,0.806159420289855,0.002070126002960545,29
19.653642416000366,1.2096359471330351,0.018026272455851238,0.002242830665633095,4,100,5,200,0.01,3,100,"{'cat__depth': 4, 'cat__iterations': 100, 'lgbm__max_depth': 5, 'lgbm__n_estimators': 200, 'xgb__learning_rate': 0.01, 'xgb__max_depth': 3, 'xgb__n_estimators': 100}",0.8043478260869565,0.8068181818181818,0.7989130434782609,0.8033596837944663,0.003302031893241657,130
21.599762678146362,0.5919402177908601,0.017214059829711914,0.002320742404513519,4,100,5,200,0.01,3,200,"{'cat__depth': 4, 'cat__iterations': 100, 'lgbm__max_depth': 5, 'lgbm__n_estimators': 200, 'xgb__learning_rate': 0.01, 'xgb__max_depth': 3, 'xgb__n_estimators': 200}",0.8023715415019763,0.8092885375494071,0.8013833992094862,0.8043478260869565,0.0035168241936861825,96
21.98384976387024,0.6604053570876058,0.03473655382792155,0.017004001593373452,4,100,5,200,0.01,5,100,"{'cat__depth': 4, 'cat__iterations': 100, 'lgbm__max_depth': 5, 'lgbm__n_estimators': 200, 'xgb__learning_rate': 0.01, 'xgb__max_depth': 5, 'xgb__n_estimators': 100}",0.8033596837944664,0.8068181818181818,0.8003952569169961,0.8035243741765482,0.00262473278170438,121
24.579007307688396,0.9014415247029952,0.04855902989705404,0.01792515613363832,4,100,5,200,0.01,5,200,"{'cat__depth': 4, 'cat__iterations': 100, 'lgbm__max_depth': 5, 'lgbm__n_estimators': 200, 'xgb__learning_rate': 0.01, 'xgb__max_depth': 5, 'xgb__n_estimators': 200}",0.8028656126482213,0.8107707509881423,0.8003952569169961,0.80467720685112,0.004425240066714238,81
24.21068048477173,0.6300889891302119,0.03820451100667318,0.027368270138421785,4,100,5,200,0.01,7,100,"{'cat__depth': 4, 'cat__iterations': 100, 'lgbm__max_depth': 5, 'lgbm__n_estimators': 200, 'xgb__learning_rate': 0.01, 'xgb__max_depth': 7, 'xgb__n_estimators': 100}",0.8033596837944664,0.8068181818181818,0.8053359683794467,0.8051712779973649,0.0014167202350201657,56
29.097344001134235,0.7272848131300643,0.052548726399739586,0.012249658176647811,4,100,5,200,0.01,7,200,"{'cat__depth': 4, 'cat__iterations': 100, 'lgbm__max_depth': 5, 'lgbm__n_estimators': 200, 'xgb__learning_rate': 0.01, 'xgb__max_depth': 7, 'xgb__n_estimators': 200}",0.8028656126482213,0.8048418972332015,0.8018774703557312,0.8031949934123848,0.0012324299692931225,131
21.970900058746338,0.6781899409207328,0.016520341237386067,0.0022436908788155156,4,100,5,200,0.1,3,100,"{'cat__depth': 4, 'cat__iterations': 100, 'lgbm__max_depth': 5, 'lgbm__n_estimators': 200, 'xgb__learning_rate': 0.1, 'xgb__max_depth': 3, 'xgb__n_estimators': 100}",0.8018774703557312,0.807806324110672,0.7989130434782609,0.8028656126482213,0.003697289907879417,143
22.25130009651184,0.4407312427403046,0.03211816151936849,0.026120537195760175,4,100,5,200,0.1,3,200,"{'cat__depth': 4, 'cat__iterations': 100, 'lgbm__max_depth': 5, 'lgbm__n_estimators': 200, 'xgb__learning_rate': 0.1, 'xgb__max_depth': 3, 'xgb__n_estimators': 200}",0.8013833992094862,0.8053359683794467,0.7989130434782609,0.8018774703557313,0.0026453192365298163,169
21.878474553426106,0.7755244793948916,0.04266238212585449,0.007371931006083116,4,100,5,200,0.1,5,100,"{'cat__depth': 4, 'cat__iterations': 100, 'lgbm__max_depth': 5, 'lgbm__n_estimators': 200, 'xgb__learning_rate': 0.1, 'xgb__max_depth': 5, 'xgb__n_estimators': 100}",0.8028656126482213,0.8033596837944664,0.8063241106719368,0.8041831357048749,0.0015272757733029887,106
22.980494658152264,0.3170015729491542,0.040802001953125,0.018612987891779786,4,100,5,200,0.1,5,200,"{'cat__depth': 4, 'cat__iterations': 100, 'lgbm__max_depth': 5, 'lgbm__n_estimators': 200, 'xgb__learning_rate': 0.1, 'xgb__max_depth': 5, 'xgb__n_estimators': 200}",0.8008893280632411,0.8073122529644269,0.7989130434782609,0.8023715415019762,0.0035855634151971787,155
22.773103555043537,0.3696193825588286,0.06080977121988932,0.0376132376897983,4,100,5,200,0.1,7,100,"{'cat__depth': 4, 'cat__iterations': 100, 'lgbm__max_depth': 5, 'lgbm__n_estimators': 200, 'xgb__learning_rate': 0.1, 'xgb__max_depth': 7, 'xgb__n_estimators': 100}",0.8033596837944664,0.8058300395256917,0.8053359683794467,0.8048418972332017,0.0010673156617931024,71
23.370689551035564,0.5002227691121772,0.05354595184326172,0.0035464755600573055,4,100,5,200,0.1,7,200,"{'cat__depth': 4, 'cat__iterations': 100, 'lgbm__max_depth': 5, 'lgbm__n_estimators': 200, 'xgb__learning_rate': 0.1, 'xgb__max_depth': 7, 'xgb__n_estimators': 200}",0.8018774703557312,0.8053359683794467,0.808300395256917,0.8051712779973649,0.0026247327817044263,56
12.13985045750936,0.177644209531216,0.04166022936503092,0.016277149017716288,4,200,3,100,0.01,3,100,"{'cat__depth': 4, 'cat__iterations': 200, 'lgbm__max_depth': 3, 'lgbm__n_estimators': 100, 'xgb__learning_rate': 0.01, 'xgb__max_depth': 3, 'xgb__n_estimators': 100}",0.8008893280632411,0.8033596837944664,0.8048418972332015,0.8030303030303031,0.0016303516035262896,137
10.807760874430338,1.4038093523131434,0.06276877721150716,0.04487409720935999,4,200,3,100,0.01,3,200,"{'cat__depth': 4, 'cat__iterations': 200, 'lgbm__max_depth': 3, 'lgbm__n_estimators': 100, 'xgb__learning_rate': 0.01, 'xgb__max_depth': 3, 'xgb__n_estimators': 200}",0.8003952569169961,0.8033596837944664,0.8028656126482213,0.8022068511198945,0.0012967733652851957,163
10.061467806498209,0.24093081096339827,0.05525660514831543,0.014269468675633746,4,200,3,100,0.01,5,100,"{'cat__depth': 4, 'cat__iterations': 200, 'lgbm__max_depth': 3, 'lgbm__n_estimators': 100, 'xgb__learning_rate': 0.01, 'xgb__max_depth': 5, 'xgb__n_estimators': 100}",0.799901185770751,0.8058300395256917,0.8028656126482213,0.8028656126482213,0.0024204444098647865,143
9.200974384943644,0.6277278636406814,0.05815966924031576,0.012401721275056699,4,200,3,100,0.01,5,200,"{'cat__depth': 4, 'cat__iterations': 200, 'lgbm__max_depth': 3, 'lgbm__n_estimators': 100, 'xgb__learning_rate': 0.01, 'xgb__max_depth': 5, 'xgb__n_estimators': 200}",0.799407114624506,0.8097826086956522,0.8003952569169961,0.8031949934123848,0.004675582861191827,131
8.479341268539429,0.4435150778899952,0.0706323782602946,0.00986198845206858,4,200,3,100,0.01,7,100,"{'cat__depth': 4, 'cat__iterations': 200, 'lgbm__max_depth': 3, 'lgbm__n_estimators': 100, 'xgb__learning_rate': 0.01, 'xgb__max_depth': 7, 'xgb__n_estimators': 100}",0.799407114624506,0.8043478260869565,0.8063241106719368,0.8033596837944664,0.0029090121430592215,127
9.847801605860392,0.05629200663589865,0.0482481320699056,0.014909419867836497,4,200,3,100,0.01,7,200,"{'cat__depth': 4, 'cat__iterations': 200, 'lgbm__max_depth': 3, 'lgbm__n_estimators': 100, 'xgb__learning_rate': 0.01, 'xgb__max_depth': 7, 'xgb__n_estimators': 200}",0.8008893280632411,0.8033596837944664,0.8043478260869565,0.8028656126482213,0.0014545060715296359,143
7.088284810384114,0.2661571962006958,0.028201738993326824,0.0011389062676560435,4,200,3,100,0.1,3,100,"{'cat__depth': 4, 'cat__iterations': 200, 'lgbm__max_depth': 3, 'lgbm__n_estimators': 100, 'xgb__learning_rate': 0.1, 'xgb__max_depth': 3, 'xgb__n_estimators': 100}",0.8013833992094862,0.8003952569169961,0.8048418972332015,0.8022068511198946,0.0019064290024357713,161
7.37591012318929,0.3378382508424441,0.039194981257120766,0.014136442226490239,4,200,3,100,0.1,3,200,"{'cat__depth': 4, 'cat__iterations': 200, 'lgbm__max_depth': 3, 'lgbm__n_estimators': 100, 'xgb__learning_rate': 0.1, 'xgb__max_depth': 3, 'xgb__n_estimators': 200}",0.8013833992094862,0.8003952569169961,0.8043478260869565,0.802042160737813,0.0016795189438711315,166
7.0633024374643965,0.1351752439303641,0.035981973012288414,0.01685367830334693,4,200,3,100,0.1,5,100,"{'cat__depth': 4, 'cat__iterations': 200, 'lgbm__max_depth': 3, 'lgbm__n_estimators': 100, 'xgb__learning_rate': 0.1, 'xgb__max_depth': 5, 'xgb__n_estimators': 100}",0.8028656126482213,0.8058300395256917,0.8043478260869565,0.8043478260869565,0.001210222204932393,96
7.887089252471924,0.62690127118347,0.06022167205810547,0.021317402801606346,4,200,3,100,0.1,5,200,"{'cat__depth': 4, 'cat__iterations': 200, 'lgbm__max_depth': 3, 'lgbm__n_estimators': 100, 'xgb__learning_rate': 0.1, 'xgb__max_depth': 5, 'xgb__n_estimators': 200}",0.8013833992094862,0.8053359683794467,0.799901185770751,0.8022068511198945,0.00229387158715154,163
7.518074035644531,0.27913585612561453,0.025823593139648438,0.0069753134337746945,4,200,3,100,0.1,7,100,"{'cat__depth': 4, 'cat__iterations': 200, 'lgbm__max_depth': 3, 'lgbm__n_estimators': 100, 'xgb__learning_rate': 0.1, 'xgb__max_depth': 7, 'xgb__n_estimators': 100}",0.8043478260869565,0.8033596837944664,0.8018774703557312,0.8031949934123848,0.001015219697458677,131
8.734765450159708,0.41002913705677674,0.07416129112243652,0.03714525307737288,4,200,3,100,0.1,7,200,"{'cat__depth': 4, 'cat__iterations': 200, 'lgbm__max_depth': 3, 'lgbm__n_estimators': 100, 'xgb__learning_rate': 0.1, 'xgb__max_depth': 7, 'xgb__n_estimators': 200}",0.799407114624506,0.8023715415019763,0.8038537549407114,0.8018774703557313,0.0018486449539396638,169
9.54598037401835,0.2241739660199923,0.016623973846435547,8.118447281152684e-05,4,200,3,200,0.01,3,100,"{'cat__depth': 4, 'cat__iterations': 200, 'lgbm__max_depth': 3, 'lgbm__n_estimators': 200, 'xgb__learning_rate': 0.01, 'xgb__max_depth': 3, 'xgb__n_estimators': 100}",0.8018774703557312,0.8033596837944664,0.8028656126482213,0.8027009222661396,0.000616214984646581,148
10.486114422480265,0.2713576664049254,0.03052655855814616,0.007511170898661038,4,200,3,200,0.01,3,200,"{'cat__depth': 4, 'cat__iterations': 200, 'lgbm__max_depth': 3, 'lgbm__n_estimators': 200, 'xgb__learning_rate': 0.01, 'xgb__max_depth': 3, 'xgb__n_estimators': 200}",0.8008893280632411,0.8033596837944664,0.8048418972332015,0.8030303030303031,0.0016303516035262896,137
10.429726680119833,0.6335744610790769,0.013318697611490885,0.001038809974368843,4,200,3,200,0.01,5,100,"{'cat__depth': 4, 'cat__iterations': 200, 'lgbm__max_depth': 3, 'lgbm__n_estimators': 200, 'xgb__learning_rate': 0.01, 'xgb__max_depth': 5, 'xgb__n_estimators': 100}",0.8028656126482213,0.8058300395256917,0.799901185770751,0.8028656126482213,0.0024204444098647865,143
10.292728424072266,0.12827877467724816,0.02078564961751302,0.0007166253416743235,4,200,3,200,0.01,5,200,"{'cat__depth': 4, 'cat__iterations': 200, 'lgbm__max_depth': 3, 'lgbm__n_estimators': 200, 'xgb__learning_rate': 0.01, 'xgb__max_depth': 5, 'xgb__n_estimators': 200}",0.8013833992094862,0.808300395256917,0.799407114624506,0.8030303030303031,0.0038128580048715937,137
10.528168360392252,0.31374982200365287,0.0516366163889567,0.04123080958828393,4,200,3,200,0.01,7,100,"{'cat__depth': 4, 'cat__iterations': 200, 'lgbm__max_depth': 3, 'lgbm__n_estimators': 200, 'xgb__learning_rate': 0.01, 'xgb__max_depth': 7, 'xgb__n_estimators': 100}",0.799407114624506,0.8018774703557312,0.8048418972332015,0.802042160737813,0.0022217947238524095,166
12.528146664301554,0.07298088240964865,0.04243206977844238,0.00822937121227118,4,200,3,200,0.01,7,200,"{'cat__depth': 4, 'cat__iterations': 200, 'lgbm__max_depth': 3, 'lgbm__n_estimators': 200, 'xgb__learning_rate': 0.01, 'xgb__max_depth': 7, 'xgb__n_estimators': 200}",0.8033596837944664,0.8033596837944664,0.8013833992094862,0.8027009222661396,0.0009316294877293063,148
9.34439468383789,0.5096488292475814,0.01849063237508138,0.0032703629728989695,4,200,3,200,0.1,3,100,"{'cat__depth': 4, 'cat__iterations': 200, 'lgbm__max_depth': 3, 'lgbm__n_estimators': 200, 'xgb__learning_rate': 0.1, 'xgb__max_depth': 3, 'xgb__n_estimators': 100}",0.8003952569169961,0.8028656126482213,0.799407114624506,0.8008893280632411,0.0014545060715295854,185
9.996410687764486,0.3475221081936932,0.030123074849446613,0.016857923619816622,4,200,3,200,0.1,3,200,"{'cat__depth': 4, 'cat__iterations': 200, 'lgbm__max_depth': 3, 'lgbm__n_estimators': 200, 'xgb__learning_rate': 0.1, 'xgb__max_depth': 3, 'xgb__n_estimators': 200}",0.8013833992094862,0.8018774703557312,0.8033596837944664,0.8022068511198945,0.000839759471935573,163
9.559394359588623,0.19874339796691326,0.028133630752563477,0.012627950758208436,4,200,3,200,0.1,5,100,"{'cat__depth': 4, 'cat__iterations': 200, 'lgbm__max_depth': 3, 'lgbm__n_estimators': 200, 'xgb__learning_rate': 0.1, 'xgb__max_depth': 5, 'xgb__n_estimators': 100}",0.799407114624506,0.8038537549407114,0.8048418972332015,0.8027009222661396,0.0023637516624517596,148
10.115681012471518,0.48651453362656294,0.03448669115702311,0.009590542949541364,4,200,3,200,0.1,5,200,"{'cat__depth': 4, 'cat__iterations': 200, 'lgbm__max_depth': 3, 'lgbm__n_estimators': 200, 'xgb__learning_rate': 0.1, 'xgb__max_depth': 5, 'xgb__n_estimators': 200}",0.8023715415019763,0.8097826086956522,0.8033596837944664,0.8051712779973649,0.003285562803567201,56
9.791875918706259,0.0943613536462801,0.0383606751759847,0.02664974019049338,4,200,3,200,0.1,7,100,"{'cat__depth': 4, 'cat__iterations': 200, 'lgbm__max_depth': 3, 'lgbm__n_estimators': 200, 'xgb__learning_rate': 0.1, 'xgb__max_depth': 7, 'xgb__n_estimators': 100}",0.8023715415019763,0.8053359683794467,0.8053359683794467,0.8043478260869565,0.0013974442315939594,96
11.622769276301065,0.634484857992452,0.06703734397888184,0.01723080608601591,4,200,3,200,0.1,7,200,"{'cat__depth': 4, 'cat__iterations': 200, 'lgbm__max_depth': 3, 'lgbm__n_estimators': 200, 'xgb__learning_rate': 0.1, 'xgb__max_depth': 7, 'xgb__n_estimators': 200}",0.8023715415019763,0.8048418972332015,0.8033596837944664,0.803524374176548,0.001015219697458629,125
11.514421065648397,0.2528001478854245,0.02030332883199056,0.009276117996095505,4,200,5,100,0.01,3,100,"{'cat__depth': 4, 'cat__iterations': 200, 'lgbm__max_depth': 5, 'lgbm__n_estimators': 100, 'xgb__learning_rate': 0.01, 'xgb__max_depth': 3, 'xgb__n_estimators': 100}",0.8038537549407114,0.8073122529644269,0.8043478260869565,0.8051712779973649,0.0015272757733029887,56
11.560869773228964,0.1414565976228097,0.03309488296508789,0.0047251659524524025,4,200,5,100,0.01,3,200,"{'cat__depth': 4, 'cat__iterations': 200, 'lgbm__max_depth': 5, 'lgbm__n_estimators': 100, 'xgb__learning_rate': 0.01, 'xgb__max_depth': 3, 'xgb__n_estimators': 200}",0.8043478260869565,0.808300395256917,0.8043478260869565,0.80566534914361,0.0018632589754586126,40
11.307457367579142,0.04996707949595434,0.04434823989868164,0.026315873638035746,4,200,5,100,0.01,5,100,"{'cat__depth': 4, 'cat__iterations': 200, 'lgbm__max_depth': 5, 'lgbm__n_estimators': 100, 'xgb__learning_rate': 0.01, 'xgb__max_depth': 5, 'xgb__n_estimators': 100}",0.8043478260869565,0.8102766798418972,0.8033596837944664,0.8059947299077734,0.0030545515466059454,31
11.72231928507487,0.28157514824710544,0.05012774467468262,0.02065231430467453,4,200,5,100,0.01,5,200,"{'cat__depth': 4, 'cat__iterations': 200, 'lgbm__max_depth': 5, 'lgbm__n_estimators': 100, 'xgb__learning_rate': 0.01, 'xgb__max_depth': 5, 'xgb__n_estimators': 200}",0.8028656126482213,0.8087944664031621,0.8023715415019763,0.8046772068511198,0.002918321005709729,87
11.494845310846964,0.0796470809134832,0.0572962760925293,0.03566534629989342,4,200,5,100,0.01,7,100,"{'cat__depth': 4, 'cat__iterations': 200, 'lgbm__max_depth': 5, 'lgbm__n_estimators': 100, 'xgb__learning_rate': 0.01, 'xgb__max_depth': 7, 'xgb__n_estimators': 100}",0.8038537549407114,0.8092885375494071,0.8043478260869565,0.8058300395256918,0.0024538314271659,36
14.021496931711832,0.07745979851978076,0.050116380055745445,0.03969197164856433,4,200,5,100,0.01,7,200,"{'cat__depth': 4, 'cat__iterations': 200, 'lgbm__max_depth': 5, 'lgbm__n_estimators': 100, 'xgb__learning_rate': 0.01, 'xgb__max_depth': 7, 'xgb__n_estimators': 200}",0.8033596837944664,0.807806324110672,0.8068181818181818,0.8059947299077734,0.0019064290024358064,31
10.709611256917318,0.5139264767370307,0.02375904719034831,0.00746552535406223,4,200,5,100,0.1,3,100,"{'cat__depth': 4, 'cat__iterations': 200, 'lgbm__max_depth': 5, 'lgbm__n_estimators': 100, 'xgb__learning_rate': 0.1, 'xgb__max_depth': 3, 'xgb__n_estimators': 100}",0.7969367588932806,0.8073122529644269,0.8048418972332015,0.8030303030303031,0.004425240066714222,137
11.63568385442098,0.2593671662712969,0.01961819330851237,0.004933643421613173,4,200,5,100,0.1,3,200,"{'cat__depth': 4, 'cat__iterations': 200, 'lgbm__max_depth': 5, 'lgbm__n_estimators': 100, 'xgb__learning_rate': 0.1, 'xgb__max_depth': 3, 'xgb__n_estimators': 200}",0.799901185770751,0.8073122529644269,0.8063241106719368,0.8045125164690381,0.003285562803567201,94
10.943734884262085,0.39452164819441327,0.03073263168334961,0.019606148620314925,4,200,5,100,0.1,5,100,"{'cat__depth': 4, 'cat__iterations': 200, 'lgbm__max_depth': 5, 'lgbm__n_estimators': 100, 'xgb__learning_rate': 0.1, 'xgb__max_depth': 5, 'xgb__n_estimators': 100}",0.8018774703557312,0.8068181818181818,0.8028656126482213,0.8038537549407114,0.0021346313235862395,115
11.379554986953735,0.48613317004406376,0.023061672846476238,0.011449791875075336,4,200,5,100,0.1,5,200,"{'cat__depth': 4, 'cat__iterations': 200, 'lgbm__max_depth': 5, 'lgbm__n_estimators': 100, 'xgb__learning_rate': 0.1, 'xgb__max_depth': 5, 'xgb__n_estimators': 200}",0.8003952569169961,0.8043478260869565,0.8033596837944664,0.8027009222661396,0.0016795189438711315,148
12.04069439570109,0.7752065600586736,0.02061605453491211,0.002964248161566897,4,200,5,100,0.1,7,100,"{'cat__depth': 4, 'cat__iterations': 200, 'lgbm__max_depth': 5, 'lgbm__n_estimators': 100, 'xgb__learning_rate': 0.1, 'xgb__max_depth': 7, 'xgb__n_estimators': 100}",0.799901185770751,0.807806324110672,0.8048418972332015,0.8041831357048749,0.003260703207052613,106
14.901644070943197,1.4130946320719509,0.10446826616923015,0.023180176059581115,4,200,5,100,0.1,7,200,"{'cat__depth': 4, 'cat__iterations': 200, 'lgbm__max_depth': 5, 'lgbm__n_estimators': 100, 'xgb__learning_rate': 0.1, 'xgb__max_depth': 7, 'xgb__n_estimators': 200}",0.8008893280632411,0.8063241106719368,0.8043478260869565,0.8038537549407114,0.0022460773545760746,115
19.57531253496806,0.27625515588068,0.03380441665649414,0.020063380063180015,4,200,5,200,0.01,3,100,"{'cat__depth': 4, 'cat__iterations': 200, 'lgbm__max_depth': 5, 'lgbm__n_estimators': 200, 'xgb__learning_rate': 0.01, 'xgb__max_depth': 3, 'xgb__n_estimators': 100}",0.8033596837944664,0.8038537549407114,0.8023715415019763,0.8031949934123848,0.0006162149846465415,131
19.69609832763672,0.12282035738899634,0.02315942446390788,0.0040769716653590955,4,200,5,200,0.01,3,200,"{'cat__depth': 4, 'cat__iterations': 200, 'lgbm__max_depth': 5, 'lgbm__n_estimators': 200, 'xgb__learning_rate': 0.01, 'xgb__max_depth': 3, 'xgb__n_estimators': 200}",0.8023715415019763,0.8018774703557312,0.8058300395256917,0.8033596837944664,0.0017584120968430806,127
19.180100361506145,0.5276337267440038,0.015004237492879232,0.0026464875917762897,4,200,5,200,0.01,5,100,"{'cat__depth': 4, 'cat__iterations': 200, 'lgbm__max_depth': 5, 'lgbm__n_estimators': 200, 'xgb__learning_rate': 0.01, 'xgb__max_depth': 5, 'xgb__n_estimators': 100}",0.8023715415019763,0.808300395256917,0.8023715415019763,0.8043478260869565,0.0027948884631879187,96
18.93394724527995,0.7898446442189013,0.016431013743082683,0.005537923408465552,4,200,5,200,0.01,5,200,"{'cat__depth': 4, 'cat__iterations': 200, 'lgbm__max_depth': 5, 'lgbm__n_estimators': 200, 'xgb__learning_rate': 0.01, 'xgb__max_depth': 5, 'xgb__n_estimators': 200}",0.8048418972332015,0.807806324110672,0.8023715415019763,0.8050065876152832,0.002221794723852456,66
19.804967403411865,0.7509736173889093,0.012659708658854166,0.0034341649719070093,4,200,5,200,0.01,7,100,"{'cat__depth': 4, 'cat__iterations': 200, 'lgbm__max_depth': 5, 'lgbm__n_estimators': 200, 'xgb__learning_rate': 0.01, 'xgb__max_depth': 7, 'xgb__n_estimators': 100}",0.8028656126482213,0.8028656126482213,0.8033596837944664,0.8030303030303031,0.00023290737193235273,137
23.310942967732746,0.5588601735895526,0.02376389503479004,0.009301977175816281,4,200,5,200,0.01,7,200,"{'cat__depth': 4, 'cat__iterations': 200, 'lgbm__max_depth': 5, 'lgbm__n_estimators': 200, 'xgb__learning_rate': 0.01, 'xgb__max_depth': 7, 'xgb__n_estimators': 200}",0.8023715415019763,0.8053359683794467,0.8048418972332015,0.8041831357048749,0.0012967733652851955,106
18.98042567571004,0.20513354812789816,0.012054443359375,0.002942592245108377,4,200,5,200,0.1,3,100,"{'cat__depth': 4, 'cat__iterations': 200, 'lgbm__max_depth': 5, 'lgbm__n_estimators': 200, 'xgb__learning_rate': 0.1, 'xgb__max_depth': 3, 'xgb__n_estimators': 100}",0.8003952569169961,0.8003952569169961,0.8038537549407114,0.8015480895915679,0.0016303516035262597,177
18.9010272026062,0.3257247655518404,0.014400084813435873,0.0020843332202065633,4,200,5,200,0.1,3,200,"{'cat__depth': 4, 'cat__iterations': 200, 'lgbm__max_depth': 5, 'lgbm__n_estimators': 200, 'xgb__learning_rate': 0.1, 'xgb__max_depth': 3, 'xgb__n_estimators': 200}",0.8013833992094862,0.8028656126482213,0.8063241106719368,0.8035243741765482,0.002070126002960556,121
18.78087242444356,0.21496332794789016,0.028188069661458332,0.005857587656269445,4,200,5,200,0.1,5,100,"{'cat__depth': 4, 'cat__iterations': 200, 'lgbm__max_depth': 5, 'lgbm__n_estimators': 200, 'xgb__learning_rate': 0.1, 'xgb__max_depth': 5, 'xgb__n_estimators': 100}",0.8023715415019763,0.8068181818181818,0.8063241106719368,0.8051712779973649,0.001989961458101846,56
19.66874114672343,0.13401393431860148,0.04909348487854004,0.04513771115299287,4,200,5,200,0.1,5,200,"{'cat__depth': 4, 'cat__iterations': 200, 'lgbm__max_depth': 5, 'lgbm__n_estimators': 200, 'xgb__learning_rate': 0.1, 'xgb__max_depth': 5, 'xgb__n_estimators': 200}",0.8018774703557312,0.8073122529644269,0.8048418972332015,0.80467720685112,0.0022217947238524533,81
19.175056378046673,0.5181561376621346,0.02852622667948405,0.009853709475485183,4,200,5,200,0.1,7,100,"{'cat__depth': 4, 'cat__iterations': 200, 'lgbm__max_depth': 5, 'lgbm__n_estimators': 200, 'xgb__learning_rate': 0.1, 'xgb__max_depth': 7, 'xgb__n_estimators': 100}",0.8003952569169961,0.8033596837944664,0.8068181818181818,0.803524374176548,0.00262473278170438,125
18.48910705248515,0.9536281420775794,0.05501389503479004,0.027236294758270743,4,200,5,200,0.1,7,200,"{'cat__depth': 4, 'cat__iterations': 200, 'lgbm__max_depth': 5, 'lgbm__n_estimators': 200, 'xgb__learning_rate': 0.1, 'xgb__max_depth': 7, 'xgb__n_estimators': 200}",0.8018774703557312,0.8013833992094862,0.8038537549407114,0.8023715415019762,0.0010673156617931026,155
5.519626617431641,0.03644009913214481,0.026110410690307617,0.02374192218408265,6,100,3,100,0.01,3,100,"{'cat__depth': 6, 'cat__iterations': 100, 'lgbm__max_depth': 3, 'lgbm__n_estimators': 100, 'xgb__learning_rate': 0.01, 'xgb__max_depth': 3, 'xgb__n_estimators': 100}",0.8023715415019763,0.807806324110672,0.8038537549407114,0.80467720685112,0.0022938715871515533,81
6.132999102274577,0.33839999983262076,0.025722026824951172,0.01768510340536996,6,100,3,100,0.01,3,200,"{'cat__depth': 6, 'cat__iterations': 100, 'lgbm__max_depth': 3, 'lgbm__n_estimators': 100, 'xgb__learning_rate': 0.01, 'xgb__max_depth': 3, 'xgb__n_estimators': 200}",0.8018774703557312,0.8092885375494071,0.8038537549407114,0.8050065876152832,0.0031334482197695147,66
5.543833096822103,0.5093947494945956,0.033110618591308594,0.011312065239741589,6,100,3,100,0.01,5,100,"{'cat__depth': 6, 'cat__iterations': 100, 'lgbm__max_depth': 3, 'lgbm__n_estimators': 100, 'xgb__learning_rate': 0.01, 'xgb__max_depth': 5, 'xgb__n_estimators': 100}",0.7969367588932806,0.8063241106719368,0.8023715415019763,0.8018774703557311,0.0038482613457008984,173
5.062112013498942,0.2856794655039136,0.04024521509806315,0.014035203024441825,6,100,3,100,0.01,5,200,"{'cat__depth': 6, 'cat__iterations': 100, 'lgbm__max_depth': 3, 'lgbm__n_estimators': 100, 'xgb__learning_rate': 0.01, 'xgb__max_depth': 5, 'xgb__n_estimators': 200}",0.8013833992094862,0.8058300395256917,0.8013833992094862,0.8028656126482213,0.002096166347390913,143
6.088664690653483,0.2043137185777774,0.018898646036783855,0.0014943753765918266,6,100,3,100,0.01,7,100,"{'cat__depth': 6, 'cat__iterations': 100, 'lgbm__max_depth': 3, 'lgbm__n_estimators': 100, 'xgb__learning_rate': 0.01, 'xgb__max_depth': 7, 'xgb__n_estimators': 100}",0.7969367588932806,0.8048418972332015,0.799407114624506,0.8003952569169961,0.0033020318932416456,187
6.954991181691487,0.25225480088702085,0.05410496393839518,0.020895097077342682,6,100,3,100,0.01,7,200,"{'cat__depth': 6, 'cat__iterations': 100, 'lgbm__max_depth': 3, 'lgbm__n_estimators': 100, 'xgb__learning_rate': 0.01, 'xgb__max_depth': 7, 'xgb__n_estimators': 200}",0.8008893280632411,0.8073122529644269,0.8008893280632411,0.8030303030303031,0.0030277958351202713,137
5.051680564880371,0.3322331827834742,0.014784653981526693,0.003070935638091903,6,100,3,100,0.1,3,100,"{'cat__depth': 6, 'cat__iterations': 100, 'lgbm__max_depth': 3, 'lgbm__n_estimators': 100, 'xgb__learning_rate': 0.1, 'xgb__max_depth': 3, 'xgb__n_estimators': 100}",0.7979249011857708,0.8073122529644269,0.8018774703557312,0.8023715415019762,0.0038482613457008984,155
4.896071990331014,0.13124759419536988,0.02200460433959961,0.00719074132051414,6,100,3,100,0.1,3,200,"{'cat__depth': 6, 'cat__iterations': 100, 'lgbm__max_depth': 3, 'lgbm__n_estimators': 100, 'xgb__learning_rate': 0.1, 'xgb__max_depth': 3, 'xgb__n_estimators': 200}",0.8008893280632411,0.8053359683794467,0.8008893280632411,0.8023715415019762,0.0020961663473909654,155
4.981801589330037,0.03459146493142385,0.027733564376831055,0.01341177199336319,6,100,3,100,0.1,5,100,"{'cat__depth': 6, 'cat__iterations': 100, 'lgbm__max_depth': 3, 'lgbm__n_estimators': 100, 'xgb__learning_rate': 0.1, 'xgb__max_depth': 5, 'xgb__n_estimators': 100}",0.8033596837944664,0.8058300395256917,0.8053359683794467,0.8048418972332017,0.0010673156617931024,71
5.2414406935373945,0.31506866951293766,0.037974913914998375,0.017068593964176104,6,100,3,100,0.1,5,200,"{'cat__depth': 6, 'cat__iterations': 100, 'lgbm__max_depth': 3, 'lgbm__n_estimators': 100, 'xgb__learning_rate': 0.1, 'xgb__max_depth': 5, 'xgb__n_estimators': 200}",0.8028656126482213,0.8058300395256917,0.8048418972332015,0.8045125164690382,0.0012324299692931225,88
5.518428723017375,0.2702923008126956,0.03367765744527181,0.013191873323214927,6,100,3,100,0.1,7,100,"{'cat__depth': 6, 'cat__iterations': 100, 'lgbm__max_depth': 3, 'lgbm__n_estimators': 100, 'xgb__learning_rate': 0.1, 'xgb__max_depth': 7, 'xgb__n_estimators': 100}",0.8023715415019763,0.8073122529644269,0.8033596837944664,0.8043478260869565,0.0021346313235862395,96
6.613536357879639,0.6133529071281093,0.03089793523152669,0.011443505918442313,6,100,3,100,0.1,7,200,"{'cat__depth': 6, 'cat__iterations': 100, 'lgbm__max_depth': 3, 'lgbm__n_estimators': 100, 'xgb__learning_rate': 0.1, 'xgb__max_depth': 7, 'xgb__n_estimators': 200}",0.8028656126482213,0.807806324110672,0.8018774703557312,0.8041831357048749,0.0025935467305704617,106
7.021506945292155,0.336732583471,0.010390599568684896,0.0004718736899390276,6,100,3,200,0.01,3,100,"{'cat__depth': 6, 'cat__iterations': 100, 'lgbm__max_depth': 3, 'lgbm__n_estimators': 200, 'xgb__learning_rate': 0.01, 'xgb__max_depth': 3, 'xgb__n_estimators': 100}",0.799901185770751,0.8097826086956522,0.799901185770751,0.8031949934123848,0.004658147438646584,131
8.54355239868164,0.09140781060039206,0.050965309143066406,0.04305520062592175,6,100,3,200,0.01,3,200,"{'cat__depth': 6, 'cat__iterations': 100, 'lgbm__max_depth': 3, 'lgbm__n_estimators': 200, 'xgb__learning_rate': 0.01, 'xgb__max_depth': 3, 'xgb__n_estimators': 200}",0.7984189723320159,0.8073122529644269,0.8008893280632411,0.8022068511198946,0.003748289419216402,161
8.082029978434244,0.48401002302952784,0.013744036356608072,0.0036575826485353846,6,100,3,200,0.01,5,100,"{'cat__depth': 6, 'cat__iterations': 100, 'lgbm__max_depth': 3, 'lgbm__n_estimators': 200, 'xgb__learning_rate': 0.01, 'xgb__max_depth': 5, 'xgb__n_estimators': 100}",0.7989130434782609,0.8073122529644269,0.8008893280632411,0.8023715415019762,0.0035855634151971787,155
8.732248942057291,0.33963475200417753,0.029151360193888348,0.014020993803822436,6,100,3,200,0.01,5,200,"{'cat__depth': 6, 'cat__iterations': 100, 'lgbm__max_depth': 3, 'lgbm__n_estimators': 200, 'xgb__learning_rate': 0.01, 'xgb__max_depth': 5, 'xgb__n_estimators': 200}",0.799407114624506,0.8058300395256917,0.799901185770751,0.8017127799736495,0.0029183210057096773,174
8.592361291249594,0.583179202121745,0.03765336672465006,0.019968919343412488,6,100,3,200,0.01,7,100,"{'cat__depth': 6, 'cat__iterations': 100, 'lgbm__max_depth': 3, 'lgbm__n_estimators': 200, 'xgb__learning_rate': 0.01, 'xgb__max_depth': 7, 'xgb__n_estimators': 100}",0.7969367588932806,0.8063241106719368,0.8028656126482213,0.8020421607378129,0.0038763512173714803,168
10.794227997461954,0.5712598616452766,0.06940984725952148,0.05132138654688009,6,100,3,200,0.01,7,200,"{'cat__depth': 6, 'cat__iterations': 100, 'lgbm__max_depth': 3, 'lgbm__n_estimators': 200, 'xgb__learning_rate': 0.01, 'xgb__max_depth': 7, 'xgb__n_estimators': 200}",0.7979249011857708,0.8073122529644269,0.7984189723320159,0.8012187088274046,0.004313504892525943,182
8.452769756317139,0.26167588800885777,0.012824932734171549,0.0008524043242104851,6,100,3,200,0.1,3,100,"{'cat__depth': 6, 'cat__iterations': 100, 'lgbm__max_depth': 3, 'lgbm__n_estimators': 200, 'xgb__learning_rate': 0.1, 'xgb__max_depth': 3, 'xgb__n_estimators': 100}",0.7979249011857708,0.8048418972332015,0.8023715415019763,0.8017127799736494,0.002862013701742868,176
8.669636011123657,0.31951741384397253,0.056991259256998696,0.022515807363308778,6,100,3,200,0.1,3,200,"{'cat__depth': 6, 'cat__iterations': 100, 'lgbm__max_depth': 3, 'lgbm__n_estimators': 200, 'xgb__learning_rate': 0.1, 'xgb__max_depth': 3, 'xgb__n_estimators': 200}",0.7989130434782609,0.8073122529644269,0.8038537549407114,0.8033596837944664,0.003446714350536291,127
7.835346539815267,0.3810312495613545,0.04074947039286295,0.035898810709615814,6,100,3,200,0.1,5,100,"{'cat__depth': 6, 'cat__iterations': 100, 'lgbm__max_depth': 3, 'lgbm__n_estimators': 200, 'xgb__learning_rate': 0.1, 'xgb__max_depth': 5, 'xgb__n_estimators': 100}",0.8038537549407114,0.8068181818181818,0.8058300395256917,0.8055006587615283,0.0012324299692931225,44
8.36688486735026,0.41756599234955866,0.035559495290120445,0.012077521477677282,6,100,3,200,0.1,5,200,"{'cat__depth': 6, 'cat__iterations': 100, 'lgbm__max_depth': 3, 'lgbm__n_estimators': 200, 'xgb__learning_rate': 0.1, 'xgb__max_depth': 5, 'xgb__n_estimators': 200}",0.8003952569169961,0.8063241106719368,0.8048418972332015,0.8038537549407114,0.00251927841580669,115
8.405045668284098,0.06998926125818002,0.033751885096232094,0.0240506387835193,6,100,3,200,0.1,7,100,"{'cat__depth': 6, 'cat__iterations': 100, 'lgbm__max_depth': 3, 'lgbm__n_estimators': 200, 'xgb__learning_rate': 0.1, 'xgb__max_depth': 7, 'xgb__n_estimators': 100}",0.8028656126482213,0.807806324110672,0.8003952569169961,0.8036890645586299,0.0030810749232328357,120
10.432034969329834,0.19243011219087974,0.02178804079691569,0.008740571919527642,6,100,3,200,0.1,7,200,"{'cat__depth': 6, 'cat__iterations': 100, 'lgbm__max_depth': 3, 'lgbm__n_estimators': 200, 'xgb__learning_rate': 0.1, 'xgb__max_depth': 7, 'xgb__n_estimators': 200}",0.8033596837944664,0.8087944664031621,0.8043478260869565,0.8055006587615283,0.002363751662451811,44
9.436783949534098,0.30142393647877,0.011730114618937174,0.001386991367609599,6,100,5,100,0.01,3,100,"{'cat__depth': 6, 'cat__iterations': 100, 'lgbm__max_depth': 5, 'lgbm__n_estimators': 100, 'xgb__learning_rate': 0.01, 'xgb__max_depth': 3, 'xgb__n_estimators': 100}",0.8053359683794467,0.8048418972332015,0.8033596837944664,0.8045125164690382,0.0008397594719355586,88
10.183837334314982,0.18295704685786962,0.05817405382792155,0.026310255869127643,6,100,5,100,0.01,3,200,"{'cat__depth': 6, 'cat__iterations': 100, 'lgbm__max_depth': 5, 'lgbm__n_estimators': 100, 'xgb__learning_rate': 0.01, 'xgb__max_depth': 3, 'xgb__n_estimators': 200}",0.8048418972332015,0.8038537549407114,0.8008893280632411,0.8031949934123848,0.0016795189438711315,131
9.64517585436503,0.5093689727781008,0.02442280451456706,0.01172877776816474,6,100,5,100,0.01,5,100,"{'cat__depth': 6, 'cat__iterations': 100, 'lgbm__max_depth': 5, 'lgbm__n_estimators': 100, 'xgb__learning_rate': 0.01, 'xgb__max_depth': 5, 'xgb__n_estimators': 100}",0.8043478260869565,0.8087944664031621,0.8013833992094862,0.8048418972332017,0.0030456590923759828,71
10.606955846150717,0.04620624049105139,0.02418216069539388,0.0054964064410469035,6,100,5,100,0.01,5,200,"{'cat__depth': 6, 'cat__iterations': 100, 'lgbm__max_depth': 5, 'lgbm__n_estimators': 100, 'xgb__learning_rate': 0.01, 'xgb__max_depth': 5, 'xgb__n_estimators': 200}",0.8038537549407114,0.8087944664031621,0.8013833992094862,0.80467720685112,0.0030810749232328357,81
10.211085160573324,0.09757972324878263,0.04309829076131185,0.015166597843819567,6,100,5,100,0.01,7,100,"{'cat__depth': 6, 'cat__iterations': 100, 'lgbm__max_depth': 5, 'lgbm__n_estimators': 100, 'xgb__learning_rate': 0.01, 'xgb__max_depth': 7, 'xgb__n_estimators': 100}",0.8033596837944664,0.808300395256917,0.8053359683794467,0.80566534914361,0.002030439394917306,40
13.173125346501669,0.6872893949070774,0.04819496472676595,0.023790684169118226,6,100,5,100,0.01,7,200,"{'cat__depth': 6, 'cat__iterations': 100, 'lgbm__max_depth': 5, 'lgbm__n_estimators': 100, 'xgb__learning_rate': 0.01, 'xgb__max_depth': 7, 'xgb__n_estimators': 200}",0.8013833992094862,0.8107707509881423,0.8053359683794467,0.8058300395256918,0.0038482613457008984,36
9.76486611366272,0.0847187052495407,0.011650959650675455,0.001280150225240482,6,100,5,100,0.1,3,100,"{'cat__depth': 6, 'cat__iterations': 100, 'lgbm__max_depth': 5, 'lgbm__n_estimators': 100, 'xgb__learning_rate': 0.1, 'xgb__max_depth': 3, 'xgb__n_estimators': 100}",0.7984189723320159,0.8068181818181818,0.8018774703557312,0.8023715415019762,0.0034467143505362485,155
10.490687052408854,0.24405977415121582,0.03086241086324056,0.017811647104924964,6,100,5,100,0.1,3,200,"{'cat__depth': 6, 'cat__iterations': 100, 'lgbm__max_depth': 5, 'lgbm__n_estimators': 100, 'xgb__learning_rate': 0.1, 'xgb__max_depth': 3, 'xgb__n_estimators': 200}",0.8003952569169961,0.8092885375494071,0.8033596837944664,0.8043478260869565,0.003697289907879367,96
9.516288836797079,0.7561857293838091,0.03893685340881348,0.037669105695277524,6,100,5,100,0.1,5,100,"{'cat__depth': 6, 'cat__iterations': 100, 'lgbm__max_depth': 5, 'lgbm__n_estimators': 100, 'xgb__learning_rate': 0.1, 'xgb__max_depth': 5, 'xgb__n_estimators': 100}",0.8053359683794467,0.8063241106719368,0.8048418972332015,0.8055006587615283,0.000616214984646581,44
10.979102611541748,0.35171185998212673,0.028385718663533527,0.01164869243969514,6,100,5,100,0.1,5,200,"{'cat__depth': 6, 'cat__iterations': 100, 'lgbm__max_depth': 5, 'lgbm__n_estimators': 100, 'xgb__learning_rate': 0.1, 'xgb__max_depth': 5, 'xgb__n_estimators': 200}",0.8033596837944664,0.8048418972332015,0.8073122529644269,0.8051712779973649,0.0016303516035262896,56
10.901634375254313,0.10097067369770985,0.04993565877278646,0.04253550060686234,6,100,5,100,0.1,7,100,"{'cat__depth': 6, 'cat__iterations': 100, 'lgbm__max_depth': 5, 'lgbm__n_estimators': 100, 'xgb__learning_rate': 0.1, 'xgb__max_depth': 7, 'xgb__n_estimators': 100}",0.8018774703557312,0.8073122529644269,0.8053359683794467,0.8048418972332017,0.0022460773545760746,71
12.5819943745931,0.21420022971584035,0.0516359011332194,0.03191601187513313,6,100,5,100,0.1,7,200,"{'cat__depth': 6, 'cat__iterations': 100, 'lgbm__max_depth': 5, 'lgbm__n_estimators': 100, 'xgb__learning_rate': 0.1, 'xgb__max_depth': 7, 'xgb__n_estimators': 200}",0.8018774703557312,0.8063241106719368,0.807806324110672,0.8053359683794467,0.002519278415806741,54
16.786482334136963,0.6735799111095064,0.011887550354003906,0.003582856650825824,6,100,5,200,0.01,3,100,"{'cat__depth': 6, 'cat__iterations': 100, 'lgbm__max_depth': 5, 'lgbm__n_estimators': 200, 'xgb__learning_rate': 0.01, 'xgb__max_depth': 3, 'xgb__n_estimators': 100}",0.8068181818181818,0.8058300395256917,0.8048418972332015,0.8058300395256918,0.0008068148032882622,36
18.471811930338543,0.5620601224526031,0.02137645085652669,0.011382887570337312,6,100,5,200,0.01,3,200,"{'cat__depth': 6, 'cat__iterations': 100, 'lgbm__max_depth': 5, 'lgbm__n_estimators': 200, 'xgb__learning_rate': 0.01, 'xgb__max_depth': 3, 'xgb__n_estimators': 200}",0.8058300395256917,0.807806324110672,0.8053359683794467,0.8063241106719369,0.001067315661793154,23
18.144764582316082,0.45135928780021606,0.01709771156311035,0.004837844128191595,6,100,5,200,0.01,5,100,"{'cat__depth': 6, 'cat__iterations': 100, 'lgbm__max_depth': 5, 'lgbm__n_estimators': 200, 'xgb__learning_rate': 0.01, 'xgb__max_depth': 5, 'xgb__n_estimators': 100}",0.8053359683794467,0.8048418972332015,0.8033596837944664,0.8045125164690382,0.0008397594719355586,88
18.66106867790222,0.9697860962468067,0.03590106964111328,0.027024508095760204,6,100,5,200,0.01,5,200,"{'cat__depth': 6, 'cat__iterations': 100, 'lgbm__max_depth': 5, 'lgbm__n_estimators': 200, 'xgb__learning_rate': 0.01, 'xgb__max_depth': 5, 'xgb__n_estimators': 200}",0.8058300395256917,0.8053359683794467,0.8008893280632411,0.8040184453227931,0.0022217947238524424,111
19.299749215443928,0.8144794849275921,0.016777515411376953,0.00541065961820777,6,100,5,200,0.01,7,100,"{'cat__depth': 6, 'cat__iterations': 100, 'lgbm__max_depth': 5, 'lgbm__n_estimators': 200, 'xgb__learning_rate': 0.01, 'xgb__max_depth': 7, 'xgb__n_estimators': 100}",0.8068181818181818,0.8068181818181818,0.8048418972332015,0.806159420289855,0.0009316294877293063,29
22.28876304626465,0.6941312444816127,0.041263977686564125,0.01802389842751393,6,100,5,200,0.01,7,200,"{'cat__depth': 6, 'cat__iterations': 100, 'lgbm__max_depth': 5, 'lgbm__n_estimators': 200, 'xgb__learning_rate': 0.01, 'xgb__max_depth': 7, 'xgb__n_estimators': 200}",0.8063241106719368,0.8087944664031621,0.8058300395256917,0.8069828722002635,0.0012967733652852476,14
18.21380043029785,0.513617064139413,0.036060333251953125,0.022713022124395722,6,100,5,200,0.1,3,100,"{'cat__depth': 6, 'cat__iterations': 100, 'lgbm__max_depth': 5, 'lgbm__n_estimators': 200, 'xgb__learning_rate': 0.1, 'xgb__max_depth': 3, 'xgb__n_estimators': 100}",0.8043478260869565,0.8048418972332015,0.8043478260869565,0.8045125164690382,0.00023290737193230039,88
18.656926949818928,0.39483545255695,0.04922914505004883,0.04962993073585097,6,100,5,200,0.1,3,200,"{'cat__depth': 6, 'cat__iterations': 100, 'lgbm__max_depth': 5, 'lgbm__n_estimators': 200, 'xgb__learning_rate': 0.1, 'xgb__max_depth': 3, 'xgb__n_estimators': 200}",0.8028656126482213,0.8043478260869565,0.8048418972332015,0.8040184453227931,0.000839759471935573,111
18.212397893269856,0.5673564630028612,0.012986024220784506,0.004859346335054943,6,100,5,200,0.1,5,100,"{'cat__depth': 6, 'cat__iterations': 100, 'lgbm__max_depth': 5, 'lgbm__n_estimators': 200, 'xgb__learning_rate': 0.1, 'xgb__max_depth': 5, 'xgb__n_estimators': 100}",0.8018774703557312,0.8043478260869565,0.8063241106719368,0.8041831357048749,0.0018190647261507476,106
19.279083569844563,0.329400974179536,0.03579131762186686,0.01284325653349292,6,100,5,200,0.1,5,200,"{'cat__depth': 6, 'cat__iterations': 100, 'lgbm__max_depth': 5, 'lgbm__n_estimators': 200, 'xgb__learning_rate': 0.1, 'xgb__max_depth': 5, 'xgb__n_estimators': 200}",0.8013833992094862,0.8053359683794467,0.8038537549407114,0.8035243741765482,0.0016303516035262823,121
17.88252830505371,0.4861552804886463,0.027881383895874023,0.011907992768375685,6,100,5,200,0.1,7,100,"{'cat__depth': 6, 'cat__iterations': 100, 'lgbm__max_depth': 5, 'lgbm__n_estimators': 200, 'xgb__learning_rate': 0.1, 'xgb__max_depth': 7, 'xgb__n_estimators': 100}",0.8043478260869565,0.8048418972332015,0.8053359683794467,0.8048418972332017,0.0004034074016441311,71
17.30585304896037,0.47414495001380474,0.057709693908691406,0.039132338057008303,6,100,5,200,0.1,7,200,"{'cat__depth': 6, 'cat__iterations': 100, 'lgbm__max_depth': 5, 'lgbm__n_estimators': 200, 'xgb__learning_rate': 0.1, 'xgb__max_depth': 7, 'xgb__n_estimators': 200}",0.8058300395256917,0.8038537549407114,0.8068181818181818,0.8055006587615283,0.0012324299692931225,44
9.39265235265096,0.23800896060481846,0.023610353469848633,0.016988023249407135,6,200,3,100,0.01,3,100,"{'cat__depth': 6, 'cat__iterations': 200, 'lgbm__max_depth': 3, 'lgbm__n_estimators': 100, 'xgb__learning_rate': 0.01, 'xgb__max_depth': 3, 'xgb__n_estimators': 100}",0.8038537549407114,0.8132411067193676,0.7969367588932806,0.80467720685112,0.006681641230270339,81
9.516378005345663,0.48015601732426927,0.028800328572591145,0.014231686212408954,6,200,3,100,0.01,3,200,"{'cat__depth': 6, 'cat__iterations': 200, 'lgbm__max_depth': 3, 'lgbm__n_estimators': 100, 'xgb__learning_rate': 0.01, 'xgb__max_depth': 3, 'xgb__n_estimators': 200}",0.8028656126482213,0.8127470355731226,0.8008893280632411,0.8055006587615283,0.005187093461140872,44
9.478676954905191,0.2614817711702237,0.015753984451293945,0.005559501552361917,6,200,3,100,0.01,5,100,"{'cat__depth': 6, 'cat__iterations': 200, 'lgbm__max_depth': 3, 'lgbm__n_estimators': 100, 'xgb__learning_rate': 0.01, 'xgb__max_depth': 5, 'xgb__n_estimators': 100}",0.8038537549407114,0.8112648221343873,0.799407114624506,0.8048418972332015,0.0048910548105788616,76
8.614570379257202,0.41320194246772074,0.029629627863566082,0.009605494715479711,6,200,3,100,0.01,5,200,"{'cat__depth': 6, 'cat__iterations': 200, 'lgbm__max_depth': 3, 'lgbm__n_estimators': 100, 'xgb__learning_rate': 0.01, 'xgb__max_depth': 5, 'xgb__n_estimators': 200}",0.8058300395256917,0.8147233201581028,0.7959486166007905,0.8055006587615283,0.007668278476167863,44
7.628738244374593,0.4631502844597132,0.02323007583618164,0.008957265004479572,6,200,3,100,0.01,7,100,"{'cat__depth': 6, 'cat__iterations': 200, 'lgbm__max_depth': 3, 'lgbm__n_estimators': 100, 'xgb__learning_rate': 0.01, 'xgb__max_depth': 7, 'xgb__n_estimators': 100}",0.8038537549407114,0.8102766798418972,0.8008893280632411,0.8050065876152832,0.003918108449726721,66
9.300338665644327,0.2945547867812091,0.024942715962727863,0.0036940652217526126,6,200,3,100,0.01,7,200,"{'cat__depth': 6, 'cat__iterations': 200, 'lgbm__max_depth': 3, 'lgbm__n_estimators': 100, 'xgb__learning_rate': 0.01, 'xgb__max_depth': 7, 'xgb__n_estimators': 200}",0.8043478260869565,0.8092885375494071,0.8003952569169961,0.80467720685112,0.0036381294523014484,81
7.745145956675212,0.3416707873523462,0.011405229568481445,0.0029645822264770974,6,200,3,100,0.1,3,100,"{'cat__depth': 6, 'cat__iterations': 200, 'lgbm__max_depth': 3, 'lgbm__n_estimators': 100, 'xgb__learning_rate': 0.1, 'xgb__max_depth': 3, 'xgb__n_estimators': 100}",0.8013833992094862,0.8122529644268774,0.799407114624506,0.8043478260869565,0.005647703623017835,96
7.826674620310466,0.24179018917532785,0.015867153803507488,0.002097227627613621,6,200,3,100,0.1,3,200,"{'cat__depth': 6, 'cat__iterations': 200, 'lgbm__max_depth': 3, 'lgbm__n_estimators': 100, 'xgb__learning_rate': 0.1, 'xgb__max_depth': 3, 'xgb__n_estimators': 200}",0.8028656126482213,0.8117588932806324,0.7989130434782609,0.8045125164690382,0.005372037691139706,88
8.065203348795572,0.17586699258366112,0.017636855443318684,0.0023348738252937182,6,200,3,100,0.1,5,100,"{'cat__depth': 6, 'cat__iterations': 200, 'lgbm__max_depth': 3, 'lgbm__n_estimators': 100, 'xgb__learning_rate': 0.1, 'xgb__max_depth': 5, 'xgb__n_estimators': 100}",0.8043478260869565,0.8127470355731226,0.8008893280632411,0.8059947299077734,0.0049789909281393345,31
7.907862822214763,0.15290104474877494,0.03448081016540527,0.008731545199717923,6,200,3,100,0.1,5,200,"{'cat__depth': 6, 'cat__iterations': 200, 'lgbm__max_depth': 3, 'lgbm__n_estimators': 100, 'xgb__learning_rate': 0.1, 'xgb__max_depth': 5, 'xgb__n_estimators': 200}",0.8018774703557312,0.8102766798418972,0.8023715415019763,0.8048418972332015,0.0038482613457008884,76
8.762079079945883,0.4571152769891961,0.02979103724161784,0.009457021619828896,6,200,3,100,0.1,7,100,"{'cat__depth': 6, 'cat__iterations': 200, 'lgbm__max_depth': 3, 'lgbm__n_estimators': 100, 'xgb__learning_rate': 0.1, 'xgb__max_depth': 7, 'xgb__n_estimators': 100}",0.8048418972332015,0.8117588932806324,0.8023715415019763,0.8063241106719369,0.003973102134985127,23
9.070189396540323,1.0732700094068497,0.04880332946777344,0.030034676038620076,6,200,3,100,0.1,7,200,"{'cat__depth': 6, 'cat__iterations': 200, 'lgbm__max_depth': 3, 'lgbm__n_estimators': 100, 'xgb__learning_rate': 0.1, 'xgb__max_depth': 7, 'xgb__n_estimators': 200}",0.8058300395256917,0.8102766798418972,0.8013833992094862,0.8058300395256918,0.0036306666147971796,36
9.979809363683065,0.13032556932145747,0.017170508702596027,0.005790643728454298,6,200,3,200,0.01,3,100,"{'cat__depth': 6, 'cat__iterations': 200, 'lgbm__max_depth': 3, 'lgbm__n_estimators': 200, 'xgb__learning_rate': 0.01, 'xgb__max_depth': 3, 'xgb__n_estimators': 100}",0.8033596837944664,0.8122529644268774,0.8033596837944664,0.8063241106719367,0.004192332694781878,25
10.679618994394938,0.2103552021503566,0.025990804036458332,0.009418749152075884,6,200,3,200,0.01,3,200,"{'cat__depth': 6, 'cat__iterations': 200, 'lgbm__max_depth': 3, 'lgbm__n_estimators': 200, 'xgb__learning_rate': 0.01, 'xgb__max_depth': 3, 'xgb__n_estimators': 200}",0.8058300395256917,0.8142292490118577,0.7989130434782609,0.8063241106719367,0.006262566976887847,25
10.735829830169678,0.18477297777644677,0.0163882573445638,0.006211871616533843,6,200,3,200,0.01,5,100,"{'cat__depth': 6, 'cat__iterations': 200, 'lgbm__max_depth': 3, 'lgbm__n_estimators': 200, 'xgb__learning_rate': 0.01, 'xgb__max_depth': 5, 'xgb__n_estimators': 100}",0.8038537549407114,0.8117588932806324,0.7974308300395256,0.8043478260869564,0.00585983098638251,105
11.213450829188028,0.41691900690269157,0.047495524088541664,0.009436481346589896,6,200,3,200,0.01,5,200,"{'cat__depth': 6, 'cat__iterations': 200, 'lgbm__max_depth': 3, 'lgbm__n_estimators': 200, 'xgb__learning_rate': 0.01, 'xgb__max_depth': 5, 'xgb__n_estimators': 200}",0.8053359683794467,0.8137351778656127,0.7964426877470355,0.8051712779973649,0.007060589957254974,56
11.450397570927938,0.22122824362769372,0.019668181737263996,0.008367060030545142,6,200,3,200,0.01,7,100,"{'cat__depth': 6, 'cat__iterations': 200, 'lgbm__max_depth': 3, 'lgbm__n_estimators': 200, 'xgb__learning_rate': 0.01, 'xgb__max_depth': 7, 'xgb__n_estimators': 100}",0.8043478260869565,0.8112648221343873,0.7989130434782609,0.8048418972332015,0.0050546802546847115,76
13.37968929608663,0.42143034168807914,0.02725672721862793,0.00517716458011408,6,200,3,200,0.01,7,200,"{'cat__depth': 6, 'cat__iterations': 200, 'lgbm__max_depth': 3, 'lgbm__n_estimators': 200, 'xgb__learning_rate': 0.01, 'xgb__max_depth': 7, 'xgb__n_estimators': 200}",0.8018774703557312,0.8112648221343873,0.8018774703557312,0.8050065876152832,0.004425240066714231,66
10.281349738438925,1.006100486974878,0.028577327728271484,0.004434276697381323,6,200,3,200,0.1,3,100,"{'cat__depth': 6, 'cat__iterations': 200, 'lgbm__max_depth': 3, 'lgbm__n_estimators': 200, 'xgb__learning_rate': 0.1, 'xgb__max_depth': 3, 'xgb__n_estimators': 100}",0.8053359683794467,0.8107707509881423,0.799407114624506,0.8051712779973649,0.0046406465097514355,56
10.48541553815206,0.43154655187235225,0.01952807108561198,0.006700739695757664,6,200,3,200,0.1,3,200,"{'cat__depth': 6, 'cat__iterations': 200, 'lgbm__max_depth': 3, 'lgbm__n_estimators': 200, 'xgb__learning_rate': 0.1, 'xgb__max_depth': 3, 'xgb__n_estimators': 200}",0.8038537549407114,0.8122529644268774,0.7984189723320159,0.8048418972332015,0.005690761707236794,76
10.51774271329244,0.24597642763519045,0.01724664370218913,0.0004201904231576131,6,200,3,200,0.1,5,100,"{'cat__depth': 6, 'cat__iterations': 200, 'lgbm__max_depth': 3, 'lgbm__n_estimators': 200, 'xgb__learning_rate': 0.1, 'xgb__max_depth': 5, 'xgb__n_estimators': 100}",0.8063241106719368,0.8068181818181818,0.8018774703557312,0.8050065876152832,0.0022217947238524424,66
10.33886432647705,0.6136311950273827,0.02710239092508952,0.005290240868432155,6,200,3,200,0.1,5,200,"{'cat__depth': 6, 'cat__iterations': 200, 'lgbm__max_depth': 3, 'lgbm__n_estimators': 200, 'xgb__learning_rate': 0.1, 'xgb__max_depth': 5, 'xgb__n_estimators': 200}",0.8013833992094862,0.8112648221343873,0.8033596837944664,0.8053359683794467,0.004269262647172479,54
10.955389420191446,0.33706359639011757,0.023004929224650066,0.007215998158321188,6,200,3,200,0.1,7,100,"{'cat__depth': 6, 'cat__iterations': 200, 'lgbm__max_depth': 3, 'lgbm__n_estimators': 200, 'xgb__learning_rate': 0.1, 'xgb__max_depth': 7, 'xgb__n_estimators': 100}",0.8043478260869565,0.8107707509881423,0.8033596837944664,0.8061594202898551,0.003285562803567201,27
11.666694402694702,0.5615446741382963,0.04622968037923177,0.0032546642945942353,6,200,3,200,0.1,7,200,"{'cat__depth': 6, 'cat__iterations': 200, 'lgbm__max_depth': 3, 'lgbm__n_estimators': 200, 'xgb__learning_rate': 0.1, 'xgb__max_depth': 7, 'xgb__n_estimators': 200}",0.8038537549407114,0.8127470355731226,0.8048418972332015,0.8071475625823452,0.003979922916203775,11
12.790523687998453,0.12732121314038247,0.038039604822794594,0.030876815700136534,6,200,5,100,0.01,3,100,"{'cat__depth': 6, 'cat__iterations': 200, 'lgbm__max_depth': 5, 'lgbm__n_estimators': 100, 'xgb__learning_rate': 0.01, 'xgb__max_depth': 3, 'xgb__n_estimators': 100}",0.8053359683794467,0.8142292490118577,0.8028656126482213,0.8074769433465084,0.004879951380114961,8
12.86220653851827,0.3854942524287608,0.02144344647725423,0.0033121368635131323,6,200,5,100,0.01,3,200,"{'cat__depth': 6, 'cat__iterations': 200, 'lgbm__max_depth': 5, 'lgbm__n_estimators': 100, 'xgb__learning_rate': 0.01, 'xgb__max_depth': 3, 'xgb__n_estimators': 200}",0.8048418972332015,0.8147233201581028,0.8018774703557312,0.8071475625823451,0.005491874835485219,13
12.68299667040507,0.4392386511322556,0.03837974866231283,0.022603601012207153,6,200,5,100,0.01,5,100,"{'cat__depth': 6, 'cat__iterations': 200, 'lgbm__max_depth': 5, 'lgbm__n_estimators': 100, 'xgb__learning_rate': 0.01, 'xgb__max_depth': 5, 'xgb__n_estimators': 100}",0.8073122529644269,0.8107707509881423,0.8018774703557312,0.8066534914361002,0.0036604266750482565,17
12.139318068822226,0.7122002598547322,0.024713993072509766,0.006514802200089455,6,200,5,100,0.01,5,200,"{'cat__depth': 6, 'cat__iterations': 200, 'lgbm__max_depth': 5, 'lgbm__n_estimators': 100, 'xgb__learning_rate': 0.01, 'xgb__max_depth': 5, 'xgb__n_estimators': 200}",0.8043478260869565,0.8127470355731226,0.8053359683794467,0.8074769433465087,0.0037482894192164217,7
12.785443385442099,0.47489210004500043,0.04095268249511719,0.015489083909383014,6,200,5,100,0.01,7,100,"{'cat__depth': 6, 'cat__iterations': 200, 'lgbm__max_depth': 5, 'lgbm__n_estimators': 100, 'xgb__learning_rate': 0.01, 'xgb__max_depth': 7, 'xgb__n_estimators': 100}",0.8043478260869565,0.8132411067193676,0.8023715415019763,0.8066534914361002,0.00472750332490357,17
13.814848264058432,0.4085975449235716,0.02235873540242513,0.008359590920630607,6,200,5,100,0.01,7,200,"{'cat__depth': 6, 'cat__iterations': 200, 'lgbm__max_depth': 5, 'lgbm__n_estimators': 100, 'xgb__learning_rate': 0.01, 'xgb__max_depth': 7, 'xgb__n_estimators': 200}",0.807806324110672,0.8112648221343873,0.8053359683794467,0.8081357048748353,0.0024316243511583167,3
11.811750968297323,0.09590446528714515,0.015049139658610025,0.00398896425524003,6,200,5,100,0.1,3,100,"{'cat__depth': 6, 'cat__iterations': 200, 'lgbm__max_depth': 5, 'lgbm__n_estimators': 100, 'xgb__learning_rate': 0.1, 'xgb__max_depth': 3, 'xgb__n_estimators': 100}",0.8038537549407114,0.8127470355731226,0.8033596837944664,0.8066534914361001,0.0043135048925259665,19
12.024451812108358,0.22411660252711946,0.05580735206604004,0.023397657329229635,6,200,5,100,0.1,3,200,"{'cat__depth': 6, 'cat__iterations': 200, 'lgbm__max_depth': 5, 'lgbm__n_estimators': 100, 'xgb__learning_rate': 0.1, 'xgb__max_depth': 3, 'xgb__n_estimators': 200}",0.8008893280632411,0.8142292490118577,0.8018774703557312,0.80566534914361,0.006069013759119978,40
12.49851950009664,0.4445856379016055,0.015263239542643229,0.0014136902447566516,6,200,5,100,0.1,5,100,"{'cat__depth': 6, 'cat__iterations': 200, 'lgbm__max_depth': 5, 'lgbm__n_estimators': 100, 'xgb__learning_rate': 0.1, 'xgb__max_depth': 5, 'xgb__n_estimators': 100}",0.8043478260869565,0.8112648221343873,0.8008893280632411,0.8055006587615283,0.004313504892525948,44
12.53828763961792,0.42016638985474897,0.026427348454793293,0.008438800587363826,6,200,5,100,0.1,5,200,"{'cat__depth': 6, 'cat__iterations': 200, 'lgbm__max_depth': 5, 'lgbm__n_estimators': 100, 'xgb__learning_rate': 0.1, 'xgb__max_depth': 5, 'xgb__n_estimators': 200}",0.8048418972332015,0.8142292490118577,0.8028656126482213,0.8073122529644268,0.004957153143376945,10
11.819185813268026,0.24017116957404014,0.02128752072652181,0.011792201115196162,6,200,5,100,0.1,7,100,"{'cat__depth': 6, 'cat__iterations': 200, 'lgbm__max_depth': 5, 'lgbm__n_estimators': 100, 'xgb__learning_rate': 0.1, 'xgb__max_depth': 7, 'xgb__n_estimators': 100}",0.8033596837944664,0.8147233201581028,0.8028656126482213,0.8069828722002635,0.005477038586401817,14
12.814244190851847,0.7790476721557283,0.061443328857421875,0.04482253475913778,6,200,5,100,0.1,7,200,"{'cat__depth': 6, 'cat__iterations': 200, 'lgbm__max_depth': 5, 'lgbm__n_estimators': 100, 'xgb__learning_rate': 0.1, 'xgb__max_depth': 7, 'xgb__n_estimators': 200}",0.8058300395256917,0.8117588932806324,0.8038537549407114,0.8071475625823452,0.0033590378877423137,11
18.350253025690716,0.5266170284814834,0.02570366859436035,0.019669844107620404,6,200,5,200,0.01,3,100,"{'cat__depth': 6, 'cat__iterations': 200, 'lgbm__max_depth': 5, 'lgbm__n_estimators': 200, 'xgb__learning_rate': 0.01, 'xgb__max_depth': 3, 'xgb__n_estimators': 100}",0.8048418972332015,0.8127470355731226,0.8053359683794467,0.8076416337285903,0.0036156947299242864,5
20.666645050048828,0.5762156393387876,0.02603594462076823,0.009596469993550596,6,200,5,200,0.01,3,200,"{'cat__depth': 6, 'cat__iterations': 200, 'lgbm__max_depth': 5, 'lgbm__n_estimators': 200, 'xgb__learning_rate': 0.01, 'xgb__max_depth': 3, 'xgb__n_estimators': 200}",0.8043478260869565,0.8117588932806324,0.8033596837944664,0.8064888010540184,0.0037482894192164213,22
20.77252133687337,0.5100149832513133,0.017336050669352215,0.01021241569960708,6,200,5,200,0.01,5,100,"{'cat__depth': 6, 'cat__iterations': 200, 'lgbm__max_depth': 5, 'lgbm__n_estimators': 200, 'xgb__learning_rate': 0.01, 'xgb__max_depth': 5, 'xgb__n_estimators': 100}",0.8053359683794467,0.8092885375494071,0.8008893280632411,0.8051712779973649,0.003430939831356996,56
19.090891520182293,0.6422497877485563,0.02397918701171875,0.007576096133162527,6,200,5,200,0.01,5,200,"{'cat__depth': 6, 'cat__iterations': 200, 'lgbm__max_depth': 5, 'lgbm__n_estimators': 200, 'xgb__learning_rate': 0.01, 'xgb__max_depth': 5, 'xgb__n_estimators': 200}",0.807806324110672,0.8117588932806324,0.8033596837944664,0.8076416337285903,0.003430939831356996,5
19.40057635307312,0.8246160694047584,0.015515327453613281,0.003752159173783354,6,200,5,200,0.01,7,100,"{'cat__depth': 6, 'cat__iterations': 200, 'lgbm__max_depth': 5, 'lgbm__n_estimators': 200, 'xgb__learning_rate': 0.01, 'xgb__max_depth': 7, 'xgb__n_estimators': 100}",0.8063241106719368,0.8127470355731226,0.808300395256917,0.8091238471673255,0.0026860188455698534,1
23.080276409784954,0.4861184003737036,0.12088894844055176,0.06641389638607527,6,200,5,200,0.01,7,200,"{'cat__depth': 6, 'cat__iterations': 200, 'lgbm__max_depth': 5, 'lgbm__n_estimators': 200, 'xgb__learning_rate': 0.01, 'xgb__max_depth': 7, 'xgb__n_estimators': 200}",0.8058300395256917,0.8122529644268774,0.807806324110672,0.8086297760210804,0.002686018845569842,2
19.3050213654836,0.22875280240166798,0.017188231150309246,0.00525361081851215,6,200,5,200,0.1,3,100,"{'cat__depth': 6, 'cat__iterations': 200, 'lgbm__max_depth': 5, 'lgbm__n_estimators': 200, 'xgb__learning_rate': 0.1, 'xgb__max_depth': 3, 'xgb__n_estimators': 100}",0.8018774703557312,0.8142292490118577,0.8063241106719368,0.8074769433465084,0.0051080574503527,8
19.978187561035156,0.32209924640259463,0.019297043482462566,0.004936931509557299,6,200,5,200,0.1,3,200,"{'cat__depth': 6, 'cat__iterations': 200, 'lgbm__max_depth': 5, 'lgbm__n_estimators': 200, 'xgb__learning_rate': 0.1, 'xgb__max_depth': 3, 'xgb__n_estimators': 200}",0.8023715415019763,0.8142292490118577,0.8033596837944664,0.8066534914361001,0.0053720376911396564,19
19.34382979075114,0.296543323161165,0.014722665150960287,0.004518008598315855,6,200,5,200,0.1,5,100,"{'cat__depth': 6, 'cat__iterations': 200, 'lgbm__max_depth': 5, 'lgbm__n_estimators': 200, 'xgb__learning_rate': 0.1, 'xgb__max_depth': 5, 'xgb__n_estimators': 100}",0.8043478260869565,0.8127470355731226,0.8028656126482213,0.8066534914361001,0.004351068779190697,19
19.16904926300049,0.3468223179983013,0.041090806325276695,0.029715993059163594,6,200,5,200,0.1,5,200,"{'cat__depth': 6, 'cat__iterations': 200, 'lgbm__max_depth': 5, 'lgbm__n_estimators': 200, 'xgb__learning_rate': 0.1, 'xgb__max_depth': 5, 'xgb__n_estimators': 200}",0.8018774703557312,0.8117588932806324,0.8033596837944664,0.80566534914361,0.004351068779190698,40
15.997304757436117,0.46464311700905736,0.01566656430562337,0.005612168502571271,6,200,5,200,0.1,7,100,"{'cat__depth': 6, 'cat__iterations': 200, 'lgbm__max_depth': 5, 'lgbm__n_estimators': 200, 'xgb__learning_rate': 0.1, 'xgb__max_depth': 7, 'xgb__n_estimators': 100}",0.8058300395256917,0.8107707509881423,0.8043478260869565,0.8069828722002635,0.0027459374177426174,14
12.968183676401773,2.7383872941144096,0.01546637217203776,0.004998820487519607,6,200,5,200,0.1,7,200,"{'cat__depth': 6, 'cat__iterations': 200, 'lgbm__max_depth': 5, 'lgbm__n_estimators': 200, 'xgb__learning_rate': 0.1, 'xgb__max_depth': 7, 'xgb__n_estimators': 200}",0.8053359683794467,0.8122529644268774,0.8058300395256917,0.8078063241106719,0.0031507125279494324,4
